{
    "leftEye": {"x": -0.4216550588607788, "y": 0.8787311911582947, "z": -0.00456150621175766},
    "rightEye": {"x": -0.3755757808685303, "y": 0.8756504058837891, "z": 0.04438880831003189},
    "leftEyeGaze": {"x": 0.050619591027498248, "y": -0.0809454470872879, "z": 0.9954323172569275},
    "rightEyeGaze": {"x": 0.050619591027498248, "y": -0.0809454470872879, "z": 0.9954323172569275},
    "eyeFixationPoint": {"x": 0.11886614561080933, "y": -0.13097167015075684, "z": 2.974684476852417},
    "leftHand": {"x": 0.0, "y": 0.0, "z": 0.0},
    "rightHand": {"x": 0.0, "y": 0.0, "z": 0.0},
    "cube": {"x": -0.5114021897315979, "y": 1.5798050165176392, "z": 0.024640535935759546},
    "head": {"x": -0.7167978286743164, "y": 0.8024232983589172, "z": 0.17002606391906739},
    "torso": {"x": -0.6404322385787964, "y": 0.5270168781280518, "z": 0.035430606454610828},
    "leftFoot": {"x": -0.8061407804489136, "y": -0.16039752960205079, "z": 0.25339341163635250},
    "rightFoot": {"x": -0.5946151614189148, "y": -0.15849697589874268, "z": 0.33175137639045718},
    "hips": {"x": -0.6485552787780762, "y": 0.33673161268234255, "z": 0.0795457512140274},
    "leftArmUp": {"x": -0.8079588413238525, "y": 0.7046946287155151, "z": 0.0354776531457901},
    "leftArmLow": {"x": -0.6874216794967651, "y": 0.5375530123710632, "z": -0.05098365247249603},
    "rightArmUp": {"x": -0.5440698266029358, "y": 0.7054383754730225, "z": 0.16330549120903016},
    "rightArmLow": {"x": -0.6227755546569824, "y": 0.5135259032249451, "z": 0.2464602291584015},
    "leftWrist": {"x": -0.5440698266029358, "y": 0.7054383754730225, "z": 0.16330549120903016},
    "rightWrist": {"x": -0.6227755546569824, "y": 0.5135259032249451, "z": 0.2464602291584015}
}
    